,Streaming_platform,Title,IMDb_id
0,HBO,Game of Thrones,0944947
1,HBO,Westworld,0475784
2,HBO,Silicon Valley,2575988
3,HBO,Barry,5348176
4,HBO,The Sopranos,0141842
5,HBO,True Detective,2356777
6,HBO,The Wire,0306414
7,HBO,True Blood,0844441
8,HBO,Sex and the City,0159206
9,HBO,Ballers,2891574
10,HBO,Boardwalk Empire,0979432
11,HBO,Deadwood,0348914
12,HBO,The Leftovers,2699128
13,HBO,Curb Your Enthusiasm,0264235
14,HBO,Rome,0384766
15,HBO,Entourage,0387199
16,HBO,Girls,1723816
17,HBO,OZ,0118421
18,HBO,Last Week Tonight with John Oliver,3530232
19,HBO,Six Feet Under,0248654
20,HBO,Veep,1759761
21,HBO,The Larry Sanders Show,0103466
22,HBO,Divorce,4304864
23,HBO,High Maintenance (2016),6078096
24,HBO,The Newsroom,1870479
25,HBO,Eastbound & Down,0866442
26,HBO,The Young Pope,3655448
27,HBO,Vice Principals,3766376
28,HBO,Mosaic,5056958
29,HBO,Big Love,0421030
30,HBO,Carnivale,0319969
31,HBO,Flight Of The Conchords,0863046
32,HBO,Hung,1229413
33,HBO,Extras,0445114
34,HBO,Camelot,1672189
35,HBO,Room 104,6064882
36,HBO,Vinyl,3186130
37,HBO,Get Smart,0058805
38,HBO,Treme,1279972
39,HBO,Looking,2581458
40,HBO,Real Time with Bill Maher,0350448
41,HBO,Fraggle Rock,0085017
42,HBO,Bored to Death,1255913
43,HBO,Animals,4953128
44,HBO,The Kids in the Hall,0096626
45,HBO,In Treatment,0835434
46,HBO,Tell Me You Love Me,0809497
47,HBO,Togetherness,3061830
48,HBO,The Comeback,0434672
49,HBO,Summer Heights High,0934320
50,HBO,The Adventures of Tintin,0179552
51,HBO,Mr. Show with Bob and David,0112084
52,HBO,Todd McFarlane's Spawn,0118475
53,HBO,Enlightened,1509004
54,HBO,Hello Ladies,2378794
55,HBO,Life's Too Short,1641247
56,HBO,The Brink,3216586
57,HBO,The Ricky Gervais Show,1553644
58,HBO,Ja'mie: Private School Girl,3173854
59,HBO,Vice (HBO),2782710
60,HBO,How to Make It in America,1299365
61,HBO,Luck,1578887
62,HBO,Intelligence,0845746
63,HBO,Getting On,2342652
64,HBO,Doll & Em,2561882
65,HBO,Jim Henson's the Storyteller,0092383
66,HBO,Happily Ever After: Fairy Tales For Every Child,0111996
67,HBO,Angry Boys,1596589
68,HBO,The No. 1 Ladies' Detective Agency,1356380
69,HBO,Family Tree,2340036
70,HBO,John From Cincinnati,0814164
71,HBO,Lucky Louie,0460619
72,HBO,Da Ali G Show,0241088
73,HBO,Little Britain USA,0936458
74,HBO,The Life & Times of Tim,0950701
75,HBO,Profugos,1941928
76,HBO,Funny or Die Presents,1556078
77,HBO,Project Greenlight,0299368
78,HBO,We Can Be Heroes,0425674
79,HBO,Crashbox,0321777
80,HBO,Capadocia,1068899
81,HBO,The Chris Rock Show,0118285
82,HBO,Sr. Avila,2280066
83,HBO,El Jardin de Bronce (The Bronze Garden),7048386
84,HBO,The Neistat Brothers,1666727
85,HBO,VICE News Tonight,6329790
86,HBO,HBO First Look,0318220
87,HBO,Magnifica '70,4725820
88,HBO,Alice (2009),1447826
89,HBO,Psi,3637900
90,HBO,Neverending Story,0115406
91,HBO,Epitafios,0423646
92,HBO,Real Sports With Bryant Gumbel,0290369
93,HBO,Down and Dirty With Jim Norton,1239394
94,HBO,Dane Cook's Tourgasm,0785062
95,HBO,The Alzheimer's Project,1432143
96,HBO,Russell Simmons: Brave New Voices,1403951
97,HBO,HBO Storybook Musicals,2738036
98,HBO,The Shop,8755712
99,HBO,Band of Brothers,0185906
100,HBO,24/7,
101,HBO,When the Levees Broke,0783612
102,HBO,Generation Kill,0995832
103,HBO,The Pacific,0374463
104,HBO,John Adams,0472027
105,HBO,Harold and the Purple Crayon,0283735
106,HBO,Mildred Pierce,1492030
107,HBO,Russell Simmons' Def Comedy Jam,
108,HBO,One Night Stand,0473591
109,HBO,Five Days,0840094
110,HBO,HBO Boxing,
111,HBO,Ali's Greatest Fights,
112,HBO,Russell Simmons Presents Def Poetry,
113,HBO,A Little Curious,
114,HBO,HBO Comedy Half-Hour,0251512
115,HBO,Kindergarten,0787383
116,HBO,P. Diddy Presents the Bad Boys of Comedy,0460667
117,HBO,Chris Rock: Kill the Messenger,1213574
118,HBO,Temple Grandin,1278469
119,HBO,Taking Chance,
120,HBO,You Don't Know Jack,1132623
121,HBO,Cinema Verite,
122,HBO,Tracy Morgan: Black and Blue,
123,HBO,Talking Funny,
124,HBO,Lady Gaga Presents the Monster Ball Tour: At Madison Square Garden,
125,HBO,Bill Maher: The Decider,
126,HBO,Destino Deporte,
127,HBO,Mandrake,0466351
128,HBO,Mujer de Fases,
129,HBO,Angels in America,0318997
130,HBO,Parade's End,1956017
131,HBO,Masterclass,
132,HBO,Hijos del Carnaval,
133,HBO,El Perro y el Gato,
134,HBO,The Weight of the Nation for Kids,
135,HBO,Witness,2475150
136,HBO,2012 Rock and Roll Hall of Fame Induction Ceremony,
137,HBO,No One Dies in Lily Dale,
138,HBO,Jim Jefferies: I Swear to God,
139,HBO,"George Lopez: It's Not Me, It's You",
140,HBO,Single Long,
141,HBO,Ricky Gervais: Out of England 2,
142,HBO,The Pee-wee Herman Show on Broadway,1839648
143,HBO,Mel Brooks Strikes Back,
144,HBO,"George Lopez: Tall, Dark & Chicano",
145,HBO,Brody Stevens: Enjoy It,2646374
146,HBO,Alice Telefilm Part I: The First Day of the Rest of My Life,
147,HBO,Celebrity Habla,
148,HBO,Wanda Sykes: I'ma Be Me,
149,HBO,Down At Fraggle Rock: Behind The Scenes,
150,HBO,On Freddie Roach,2192539
151,HBO,House of Saddam,0936453
152,HBO,Tenacious D,0388462
153,HBO,Jonah From Tonga,3431720
154,HBO,The Weight of the Nation,2327631
155,HBO,Foo Fighters: Sonic Highways,3893538
156,HBO,Autopsy,
157,HBO,Olive Kitteridge,3012698
158,HBO,The Concert for Valor,
159,HBO,HBO,
160,HBO,Saving My Tomorrow,
161,HBO,Classical Baby,0466731
162,HBO,The Jinx: Robert Durst,4299972
163,HBO,If God is Willing and Da Creek Don't Rise,1587373
164,HBO,Habla,
165,HBO,Sinatra: All or Nothing at All,3838978
166,HBO,El Negocio,
167,HBO,HDP,
168,HBO,Yandel: Legacy,
169,HBO,East of Main Street,
170,HBO,HBO Comedy,
171,HBO,2015 Rock and Roll Hall of Fame Induction Ceremony,
172,HBO,LGBT on HBO,
173,HBO,Show Me a Hero,2492296
174,HBO,7 Days in Hell,
175,Netflix,Lemony Snicket's A Series of Unfortunate Events,4834206
176,Netflix,Santa Clarita Diet,5580540
177,Netflix,Marvel's Jessica Jones,2357547
178,Netflix,Stranger Things,4574334
179,Netflix,Altered Carbon,2261227
180,Netflix,Orange Is the New Black,2372162
181,Netflix,Love,4061080
182,Netflix,Narcos,2707408
183,Netflix,Marvel's The Punisher,5675620
184,Netflix,Marvel's Daredevil,3322312
185,Netflix,House of Cards,1856010
186,Netflix,Mindhunter,5290382
187,Netflix,Marcella,5269594
188,Netflix,Grace and Frankie,3609352
189,Netflix,Arrested Development,0367279
190,Netflix,Sense8,2431438
191,Netflix,The Ranch,4998212
192,Netflix,Marvel's Iron Fist,3322310
193,Netflix,BoJack Horseman,3398228
194,Netflix,Unbreakable Kimmy Schmidt,3339966
195,Netflix,G.L.O.W.,5770786
196,Netflix,Bloodline,3520702
197,Netflix,One Day At A Time (2017),5339440
198,Netflix,Master of None,4635276
199,Netflix,Happy Valley,3428912
200,Netflix,3%,4922804
201,Netflix,Hemlock Grove,2309295
202,Netflix,Marco Polo,2189461
203,Netflix,F Is for Family,4326894
204,Netflix,Friends From College,5565334
205,Netflix,Flaked,4973548
206,Netflix,Haters Back Off,5467814
207,Netflix,Degrassi: Next Class,5320160
208,Netflix,Dope,7782022
209,Netflix,Marseille,4003966
210,Netflix,Wet Hot American Summer: First Day of Camp,4341500
211,Netflix,Club de Cuervos,4680240
